Title,Full Name,Surname,Address1,Address2,Address3,PostCode,Phone,Network,Email,
Mr,Annabell,Randle,1 Abbotts Way,Oldbury,West Midlands,AB10 6JN,169-620-6065,USA - Tmobile,haribo@guliotine.com,
Mr,Gerda,Mulholland,1 Adeane Road,Newton Aycliffe,County Durham,AB11 6LG,(884)220-3363,USA - Tmobile,haribo@guliotine.com,
Ms,Darby,Rodgers,1 Afandale,Alvaston,Derby,AB12 3QD,700-151-0813,USA - Tmobile,haribo@guliotine.com,
Mrs,Omer,Ward,1 Albert Avenue,Enfield,Middlesex,AB12 4SZ,637-388-0501 x86269,USA - Tmobile,haribo@guliotine.com,
Mr,Hosea,Rogers,1 Alden Fold,Godmanchester,Huntingdon,AB15 8FF,(314)373-4503 x0670,USA - Tmobile,haribo@guliotine.com,
Mr,Oliver,Stowe,1 Aldermoor Road East,Stewkley,Leighton Buzzard,AB16 5QN,528.233.8660 x195,USA - Tmobile,haribo@guliotine.com,
Ms,Daron,Khan,1 Alexander Close,London,,AB16 6TL,246.925.8250 x62849,USA - Tmobile,haribo@guliotine.com,
Mrs,Jacky,Johnson,1 Alma Terrace,Nottingham,,AB16 7ER,063.498.7188 x1793,USA - Tmobile,haribo@guliotine.com,
Mr,Will,Evans,1 Antelope Avenue,Marton-In-Cleveland,Middlesbrough,AB16 7XY,596-305-1599 x990,USA - Tmobile,haribo@guliotine.com,
Ms,Adeline,Fennings,1 Arnian Court,Basildon,Essex,AB22 8QN,482-056-1769,USA - Tmobile,haribo@guliotine.com,
Mr,Eunice,Harris,1 Ash Grove,Rushden,Northamptonshire,AB24 1WD,218-491-2328 x266,USA - Tmobile,haribo@guliotine.com,
Mrs,Ara,Acton,1 Avon Close,Rayleigh,Essex,AB25 2JS,(446)455-4491 x4967,USA - Tmobile,haribo@guliotine.com,
Mr,Gina,Robertson,1 Bancroft Road,Perth,,AB25 2QR,(084)334-9744 x09436,USA - Tmobile,haribo@guliotine.com,
Mr,Tyrese,Dew,1 Barnmead Gardens,Leominster,Herefordshire,AB30 1LS,1-792-956-9387 x75531,USA - Tmobile,haribo@guliotine.com,
Ms,Thurman,Minkler,1 Beechfield Close,Southall,Middlesex,AB31 4HB,(361)128-0102,USA - Tmobile,,
,Alfonso,Kumbula,1 Beeston Terrace,Hemel Hempstead,Hertfordshire,AB31 5UD,(295)146-6831,USA - Tmobile,,
Mr,Giovani,Newton,1 Beresford Street,Oldham,,AB31 5UX,1-650-782-9920 x64358,USA - Tmobile,,
Mr,Keith,Dobbs,1 Berry Close,Quedgeley,Gloucester,AB38 9TA,170-621-4087 x8924,USA - Tmobile,,
Mr,Kelly,Hill,1 Bowers Court,Skelmanthorpe,Huddersfield,AB39 2FZ,772.295.7163,USA - Tmobile,,
Mrs,Cruz,Roberts,1 Brambledown,Portmead,Swansea,AB41 8QY,1-189-654-7763,USA - Tmobile,,
Mr,Margarita,Kerr,1 Braye Close,Hildenborough,Tonbridge,AB41 8XH,1-402-385-0904 x864,USA - Tmobile,,
Mr,Elza,O'Connor,1 Brick Kiln Close,Tye Green Village,Harlow,AB41 9AA,1-941-096-4288 x95237,USA - Tmobile,,
Mr,Skyla,Huxley,1 Bridge Street,Church Crookham,Fleet,AB41 9FJ,(020)655-9910 x079,USA - Tmobile,,
Mr,Kasey,Aston,1 Brighton Road,Stockport,Cheshire,AB42 0RL,(042)188-2003,USA - Tmobile,,
Mr,Diamond,Cannon,1 Bronte Close,Padiham,Burnley,AB42 1JD,(038)634-8668,USA - Tmobile,,
Ms,Jazmyn,Lendill,1 Brook Meadow Road,Horsforth,Leeds,AB42 1JR,(006)409-2034,USA - Tmobile,haribo@guliotine.com,
Mr,Rafaela,Morris,1 Bruce Walk,London,,AB43 9WJ,775-121-2596,USA - Tmobile,haribo@guliotine.com,
Mrs,Helen,Davies,1 Brynteg Avenue,Canon Pyon,Hereford,AB44 1SR,210-603-9305 x1883,USA - Tmobile,haribo@guliotine.com,
Mrs,Luther,Marks,1 Buckingham Crescent,Sketty,Swansea,AB44 1XN,(663)651-8059 x252,USA - Tmobile,haribo@guliotine.com,
Ms,Johathan,Hawkins,1 Burgin Close,Church Village,Pontypridd,AB51 0EN,841.094.3084 x9809,USA - Tmobile,haribo@guliotine.com,
Mr,Mertie,Squirrell,1 Burycroft Road,Nottingham,,AB51 8YR,(085)522-6566 x215,USA - Tmobile,haribo@guliotine.com,
Ms,Victor,Baleem,1 Cadlewood Road,Rochdale,Lancashire,AB53 4DE,510-754-3673 x076,USA - Tmobile,haribo@guliotine.com,
Ms,Alexander,Stone,1 Cae Ffynnon,Bristol,,AB55 4BD,044.552.1879 x8032,USA - Tmobile,haribo@guliotine.com,
Ms,Ewell,Richards,1 Cairngorm Drive,Llansamlet,Swansea,AB55 5AR,438-353-8065 x0133,USA - Tmobile,haribo@guliotine.com,
Mr,Bailey,Hodgkins,1 Cammidge Street,Tredegar,Gwent,AB55 5DG,516.852.6334 x75909,USA - Tmobile,haribo@guliotine.com,
Mr,Marietta,Muir,1 Carisbrooke Gardens,Great Lumley,Chester Le Street,AB55 5GJ,1-497-012-1270 x8386,USA - Tmobile,haribo@guliotine.com,
Ms,Johnny,Davey,1 Carloggas Farm Cottages,Low Moor,Bradford,AL1 1NE,370.440.8344 x517,USA - Tmobile,haribo@guliotine.com,
Mr,Ethel,O'Connor,1 Carnegie Road,Knowle,Solihull,AL1 1SD,1-955-720-1492 x498,USA - Tmobile,haribo@guliotine.com,
Mr,Maximo,Ahern,1 Cavendish Crescent,London,,AL1 4DP,548-038-0852 x413,USA - Tmobile,haribo@guliotine.com,
Ms,Terrell,Chesters,1 Cedar Road,Blackpool,,AL1 4XG,1-163-666-8774 x76933,USA - Tmobile,,
Ms,Lempi,Leeks,1 Cedarwood,Grays,Essex,AL1 5AB,071-275-4916 x6204,USA - Tmobile,,
Mrs,Electa,Pipes,1 Celandine Close,Anlaby Common,Hull,AL1 5AW,737-930-2077 x7403,USA - Tmobile,,
Mr,Allie,Coverson,1 Chatton Walk,Birmingham,,AL1 5SJ,1-295-292-1947 x9611,USA - Tmobile,,
Ms,Shirley,Robinson-Bonney,1 Clare Court,Billericay,Essex,AL10 8RD,206-253-9704 x98481,USA - Tmobile,,
Mr,Joey,Pentel,1 Clarendale Estate,Northwood,Middlesex,AL10 9EQ,(853)786-6970,USA - Tmobile,,
Mr,Kathleen,Meah,1 Clough Road,Newport,Gwent,AL2 1BW,508.656.7356 x82780,USA - Tmobile,,
Ms,Foster,Joll,1 Constable Road,Lower Rosegrove Lane,Burnley,AL2 1HP,(754)178-4362,USA - Tmobile,,
Mr,Rex,Fraser,1 Coxwold Grove,Potters Bar,Hertfordshire,AL2 2AT,991-746-9859 x325,USA - Tmobile,,
Ms,Velma,Hilton,1 Craigland Mews,Diggle,Oldham,AL2 2BQ,553-250-6316,USA - Tmobile,,
Mrs,Marc,Livesey,1 Cricketers Close,Huby,York,AL2 3AT,538-644-5032,USA - Tmobile,,
Mr,Zaria,March,1 Croftside,Bourne,Lincolnshire,AL2 3HE,979.291.6139,USA - Tmobile,,
Mr,Wiley,Tanna,1 Cromford Court,Leicester,,AL2 3UT,(788)538-6346 x202,USA - Tmobile,,
Mrs,Elfrieda,Lines,1 Crossland Road,Cardiff,,AL3 5AZ,(126)199-3022,USA - Tmobile,,
Ms,Kaya,O'Sullivan,1 Cumberland Close,London,,AL3 5NB,665.569.9486,USA - Tmobile,,
Mr,Dayton,Rabinowitz,1 Daldowie Avenue,Gateshead,Tyne And Wear,AL3 5PW,522.195.3000,USA - Tmobile,,
Ms,Kory,Stafford,1 Dale Green Road,Whitley Road,Whitley Bay,AL3 7HF,1-303-050-0211,USA - Tmobile,,
Mr,Damien,Keable,1 Denston Close,London,,AL3 8PS,758-805-3720,USA - Tmobile,,
Mrs,Ayden,Buckley,1 Devonshire Cottages,Stevenage,Hertfordshire,AL3 8RS,(257)885-5909 x53744,USA - Tmobile,,
Ms,Alanna,Johnson,1 Disraeli Square,Sittingbourne,Kent,AL4 0HB,(657)700-7209 x137,USA - Tmobile,,
Mr,Cleve,Hindson,1 Downey Grove,Newark,Nottinghamshire,AL4 0QN,624.688.6561 x99489,USA - Tmobile,,
Mr,Vernice,Glasson,1 Dram Lane,High Wycombe,Buckinghamshire,AL4 0ST,547-595-4295,USA - Tmobile,,
Mr,Alanis,Mouatakef,1 Dunbar Road,Ashford,Middlesex,AL4 0XF,042.305.3197 x2167,USA - Tmobile,,
Ms,Tremayne,Guest,1 East View,London,,AL4 8HH,451-360-2558 x77443,USA - Tmobile,,
Ms,Kariane,Atkin,1 Edmar Court,Beeston,Nottingham,AL4 8NS,1-129-694-9879,USA - Tmobile,,
Mr,Lewis,Adams,1 Egham Close,West Cross,Swansea,AL4 9AQ,591.346.9969 x9896,USA - Tmobile,,
Ms,Louisa,Green,1 Eldens Lane,School Lane,Wigginton,AL5 2DX,1-426-865-0014,USA - Tmobile,,
Mr,Jannie,Wright,1 Elms View,Dudley,West Midlands,AL5 3LW,896.502.7505,USA - Tmobile,,
Mr,Eve,Hazell,1 Epsom Way,Castleford,West Yorkshire,AL5 3NH,(433)696-0958 x02397,USA - Tmobile,,
Ms,Jovanny,Delaney,1 Etheridge Court,Northolt,Middlesex,AL5 3NN,1-075-603-7312 x0530,USA - Tmobile,,
Ms,Vallie,Sullivan,1 Everest Drive,Chatham,Kent,AL5 4DQ,636.483.0129,USA - Tmobile,,
Ms,Chase,Willmetts,1 Eyebrook Close,Bishops Nympton,South Molton,AL5 5HB,1-924-760-0246 x858,USA - Tmobile,,
Ms,Benedict,Billing,1 Fairfield Way,Padstow,Cornwall,AL5 5HQ,686.304.1506,USA - Tmobile,,
Mr,Arden,Colledge,1 Fircroft,Whitnash,Leamington Spa,AL5 5HS,960-629-9758 x727,USA - Tmobile,,
Mr,Elva,Candler,1 Forest Side,London,,AL5 5SJ,964.046.7211 x37362,USA - Tmobile,,
Mr,Michaela,Holley,1 Freemans Close,Hereford,,AL6 0NN,(941)583-9100,USA - Tmobile,,
Mrs,Idella,Brown,1 Fresh Court,Alfreton,Derbyshire,AL6 0NQ,632-619-8619 x130,USA - Tmobile,,
Mr,Shea,Gubb,1 Frewins,Loughborough,Leicestershire,AL7 1NS,1-172-148-1037 x5415,USA - Tmobile,,
Mr,Josue,Sitch,1 Garth Street,Chelmsford,,AL7 2HR,1-725-069-5074,USA - Tmobile,,
Mrs,Garrett,Verschoor,1 Gillott Road,Muxton,Telford,AL7 2JW,153-136-9098 x33393,USA - Tmobile,,
Mrs,Gay,Shiels,1 Glebe Cottages,Cuddington,Northwich,AL7 2LL,(865)987-5327,USA - Tmobile,,
Ms,Maude,Tegg,1 Glenn Place,Orpington,Kent,AL7 3JT,037.982.3766,USA - Tmobile,,
Mr,Ryder,Tetley,1 Goddard Road,Ebbw Vale,Gwent,AL7 3NY,550.842.6908 x0449,USA - Tmobile,,
Ms,Kiana,Ackerman,1 Graham Close,Manchester,,AL8 6LD,1-232-431-6878,USA - Tmobile,,
Mr,Garfield,Edwards,1 Grange Road,Nottingham,,AL8 7QS,276-848-8659 x415,USA - Tmobile,,
Mr,Marcelle,Tanner,1 Grayson Road,Newport,Gwent,AL8 7TY,133.077.7755,USA - Tmobile,,
Ms,Monroe,Wilson,1 Green Road,Fleur De Lis,Blackwood,AL9 7BW,1-546-169-1778 x79182,USA - Tmobile,,
Mr,Abbigail,Higgins,1 Grounds Way,Stockport,Cheshire,AL9 7LZ,1-373-295-3026,USA - Tmobile,,
Ms,Omer,Foley,1 Grove Street,Adams Road,Monkton,AL9 7NA,1-559-630-9827 x36651,USA - Tmobile,,
Ms,Heather,Richards,1 Gypsy Lane,Newcastle Upon Tyne,,AL9 7UQ,(636)093-3695 x8307,USA - Tmobile,,
Ms,Eda,White,1 Hall Meadow,Peterborough,,B10 0TN,591-763-0167 x16120,USA - Tmobile,,
Ms,Jaclyn,Daly,1 Hardwick Street,Barry,South Glamorgan,B10 9BL,169.923.0591 x07326,USA - Tmobile,,
Mr,Eldridge,Perkins,1 Harley Place,Bedworth,Warwickshire,B10 9BS,442.620.2006 x893,USA - Tmobile,,
Mr,Aglae,Stern,1 Harrisons Green,Barnet,Hertfordshire,B10 9LA,1-706-802-4386 x3074,USA - Tmobile,,
Mr,Brendan,Roberts,1 Haygate Avenue,Little Neston,Neston,B11 1ER,1-956-431-0334 x7230,USA - Tmobile,,
Mr,Yessenia,England,1 Heath Drive,Chipping Sodbury,Bristol,B11 1TH,(829)734-2900 x959,USA - Tmobile,,
Mrs,Sierra,Holmes,1 Heatherdale Close,Monk Bretton,Barnsley,B11 1XE,(736)525-9224 x55999,USA - Tmobile,,
Mrs,Judah,Hewitson,1 Hembury Close,Northam,Bideford,B11 2HP,1-420-669-0254,USA - Tmobile,,
Mr,Maeve,Sangha,1 Heol Rhyd,Birmingham,,B11 3AW,053.427.6858,USA - Tmobile,,
Mr,Elizabeth,Yapp,1 Higglers Close,Solihull,West Midlands,B11 3LD,1-440-059-4967,USA - Tmobile,,
Mr,Hillard,Cox,1 Hillside,Stevenage,Hertfordshire,B11 4JD,756.256.7598 x62091,USA - Tmobile,,
Mr,Anibal,Hobson,1 Holmfield,Castleford,West Yorkshire,B11 4NG,1-460-582-0543 x23776,USA - Tmobile,,
Mr,Laron,Neblett,1 Hornbeam Walk,Enfield,Middlesex,B12 9PH,(517)309-7109,USA - Tmobile,,
Ms,Sophia,Jones,1 Hulme Avenue,Llanelli,Dyfed,B12 9QD,1-295-079-3061 x6792,USA - Tmobile,,
Mr,Rigoberto,Abendroth,1 Ingleby Road,South Croydon,Surrey,B13 0EY,(712)802-7210 x676,USA - Tmobile,,
Mr,Stan,Ashikali,1 Inverary Avenue,Stanmore,Middlesex,B13 8DQ,(623)736-4222,USA - Tmobile,,
Ms,Hank,O'Malley,1 Jersey Way,Edgware,Middlesex,B13 9BL,1-305-013-0162 x5903,USA - Tmobile,,
Mr,Abdullah,Duffy,1 Kenmore Crescent,Grosvenor Road,Belvedere,B13 9NN,742.087.7691,USA - Tmobile,,
Mr,Teresa,Newton,1 Kilcoy Drive,Hemel Hempstead,Hertfordshire,B13 9PW,(772)853-6063 x640,USA - Tmobile,,
Ms,Clifton,James,1 Kildare Gardens,Rookery Lane,Doynton,B14 4HW,(469)293-0990 x7378,USA - Tmobile,,
Mr,Jacquelyn,Hawthorne,1 Kingscott Close,Coventry,,B14 4JS,1-660-884-5789,USA - Tmobile,,
Mr,Alfonzo,Chambers,1 Kingsmill Road,Walsall Wood,Walsall,B14 4NS,1-278-301-4464,USA - Tmobile,,
Mr,Frederick,Rawlinson,1 Kirkstall Gardens,Franklands Village,Haywards Heath,B14 5BD,996-725-8226 x21553,USA - Tmobile,,
Mrs,Dulce,Folly,1 Kitswell Way,Rayleigh,Essex,B14 6HG,493.956.6910 x47282,USA - Tmobile,,
,Jared,Miah,1 Lady Grey Avenue,London,,B14 6NA,(622)202-5014,USA - Tmobile,,
Mr,Bulah,Whyte,1 Laithe Field,Borehamwood,Hertfordshire,B14 6PA,945.129.5574 x65438,USA - Tmobile,,
Mrs,Jillian,Brown,1 Lapwing Close,Stroud,Gloucestershire,B14 7ES,(979)859-1833 x66390,USA - Tmobile,,
Mr,Leslie,Wheatley,1 Laurel Way,Spennymoor,County Durham,B14 7EU,630-850-1866,USA - Tmobile,,
Mr,Gregg,Dawes,1 Lavender Way,St. Mellons,Cardiff,B14 7TD,1-473-790-0675,USA - Tmobile,,
Mr,Urban,Marshall,1 Leopold Gardens,Bidford-On-Avon,Alcester,B15 3LH,346.668.4248 x3012,USA - Tmobile,,
,Ned,Bagskaran,1 Lime Tree Crescent,London,,B15 3PZ,105.679.4525 x0405,USA - Tmobile,,
Ms,Addison,Bell,1 Lindisfarne Close,Gateshead,Tyne And Wear,B16 0RE,053-271-1576,USA - Tmobile,,
Ms,Yadira,Berryman,1 Littleton Road,Barry,South Glamorgan,B16 0RY,324-164-7543,USA - Tmobile,,
Mrs,Monserrat,Kneeshaw,1 Llys Gwenci,Lancaster,,B16 0SX,139-565-5598 x1848,USA - Tmobile,,
Mr,Mason,Reilly,1 Locksons Close,Thornton-Cleveleys,Lancashire,B16 8AF,1-580-479-6846 x752,USA - Tmobile,,
Ms,Jenifer,Brown,1 Long Grove,Bury,Lancashire,B16 8HQ,(684)122-2120,USA - Tmobile,,
Ms,Deshawn,Gany,1 Lower Wrigley Green,Newcastle Upon Tyne,,B16 9ES,(138)416-7700,USA - Tmobile,,
Mr,Hazel,Stevenson,1 Lychgate Cottages,MacDuff,Banffshire,B16 9HR,496.334.1934 x075,USA - Tmobile,,
Mr,Theodore,Pulford,1 Lydd Close,Dartford,,B16 9HS,254.916.2214 x47937,USA - Tmobile,,
Mr,Jayde,Siswick,1 Lyndale Road,Hazel Grove,Stockport,B16 9QX,338-981-7487 x0987,USA - Tmobile,,
Ms,Jannie,Willis,1 Makepeace Avenue,Dagenham,Essex,B17 0DQ,560-993-6298,USA - Tmobile,,
Mr,Brayan,Simpson,1 Mannock Road,Ipswich,,B17 0JW,1-511-725-4491,USA - Tmobile,,
Mr,Alanis,Guest,1 Manton Crescent,Alvechurch,Birmingham,B17 0PS,(329)437-3120,USA - Tmobile,,
Ms,Kaelyn,Watson,1 Margaretta Park,South Ockendon,Essex,B17 0RB,582.017.8823 x1879,USA - Tmobile,,
Mrs,Derek,Bell,1 Marham Gardens,Ryton,Tyne And Wear,B17 8ES,380.540.5625,USA - Tmobile,,
Ms,Althea,Shilton,1 Marley Close,Burton-On-Trent,Staffordshire,B17 8QN,672-150-0225 x4309,USA - Tmobile,,
Ms,Dusty,Aslett,1 Marwell,London,,B17 8RD,1-370-672-6105,USA - Tmobile,,
Mr,Fletcher,Stocks,1 Matlock Road,Mickleover,Derby,B18 4PL,(173)351-6703,USA - Tmobile,,
Mr,Elenora,Burton,1 Melville Terrace,Plymouth,,B18 5DL,140-396-5998,USA - Tmobile,,
Ms,Lauretta,Rimmer,1 Millrise,Gillow Heath,Stoke-On-Trent,B18 7HS,699-049-9061 x220,USA - Tmobile,,
Mr,Manuel,Phillips,1 Moorfield Road,Southsea,Hampshire,B20 1ED,(395)372-4905,USA - Tmobile,,
Ms,Kamron,Moshkovitz,1 Mortlake Crescent,Sheffield,,B20 1JU,1-362-619-7742 x7587,USA - Tmobile,,
Ms,Nora,France,1 Mytchett Close,Borrowash,Derby,B20 1NR,702.328.4103 x54296,USA - Tmobile,,
Ms,Itzel,Lloyd,1 Newport Terrace,Redfield,Bristol,B20 2HJ,555.669.1845 x399,USA - Tmobile,,
Ms,Golda,Haggar-Bowman,1 Nidderdale,Peterlee,County Durham,B20 2JY,1-411-461-0411 x709,USA - Tmobile,,
Mr,Zachariah,Tridgell,1 Norfolk Road,Sea Approach,Warden,B20 2PJ,251-450-7905,USA - Tmobile,,
Ms,Reba,Wyld,1 Northside Close,Worksop,Nottinghamshire,B20 3QX,949.115.5187 x565,USA - Tmobile,,
Mr,Robin,Evans,1 Oak View,Carmarthen,Dyfed,B20 3TL,(631)478-6141,USA - Tmobile,,
Ms,Maria,Line,1 Oakenrod Hall,Billericay,Essex,B20 3TU,356.403.5513 x136,USA - Tmobile,,
Mr,Raheem,Young,1 Okement Grove,Willenhall,West Midlands,B21 0UQ,1-651-397-9275 x9294,USA - Tmobile,,
Mr,Merl,Roden,1 Old School House,Telford,Shropshire,B21 8DN,304.529.5866,USA - Tmobile,,
Mr,Paolo,Davies,1 Orchard Close,Penrhiwtyn,Neath,B21 8JL,1-755-933-7109,USA - Tmobile,,
Mrs,Herminia,Beaumont,1 Owen Road,Cobham,Surrey,B21 9HY,1-407-939-9249 x3670,USA - Tmobile,,
Mr,Thea,Bowditch,1 Parsonage Road,Plymouth,,B23 5GF,453-223-0049,USA - Tmobile,,
Mr,Dexter,White,1 Peverel Close,Ilkeston,Derbyshire,B23 5QW,(158)920-1359,USA - Tmobile,,
Mr,Allen,Paul,1 Pickford Hill,London,,B23 6AS,397.610.4003,USA - Tmobile,,
Ms,Angelo,Jinks-Turner,1 Pine Street,Brighouse,West Yorkshire,B23 6GP,204-165-4164,USA - Tmobile,,
Mr,Maria,Sherry,1 Pleasant View,Weymouth,Dorset,B23 6LS,128.368.4042,USA - Tmobile,,
Mr,Angelica,Edgecock,1 Pond Close,Taunton,Somerset,B23 7EB,487.232.4551,USA - Tmobile,,
Ms,Peter,Charles,1 Poplar Avenue,Heather Drive,Ascot,B23 7HN,230-809-2753,USA - Tmobile,,
Mrs,Kip,Fernyhough,1 Poppy Close,Shirley,Solihull,B23 7LR,527-634-4999 x92646,USA - Tmobile,,
Mr,Amara,Shah,1 Priory Road,London,,B23 7NR,(435)321-4517 x4003,USA - Tmobile,,
Mr,Corine,Newman,1 Prospect Place,Goole,North Humberside,B23 7TH,1-019-088-3590,USA - Tmobile,,
Ms,Telly,Dobson,1 Prossers Terrace,Horbury,Wakefield,B25 8TY,1-882-046-6666 x3668,USA - Tmobile,,
Mrs,Andre,Taylor,1 Queen Alexandra Road,Sunbury-On-Thames,Middlesex,B25 8TY,943.854.5612 x84184,USA - Tmobile,,
Ms,Nash,Tartaglia,1 Ray Close,Penzance,Cornwall,B26 1JA,031-644-6165 x7614,USA - Tmobile,,
Mr,Arjun,Walsh,1 Red Cross Villas,High Wycombe,Buckinghamshire,B26 1QQ,(620)231-4509 x08564,USA - Tmobile,,
Mr,Destinee,Patel,1 Regent Square,London,,B26 1SE,(449)805-3064 x4685,USA - Tmobile,,
Ms,Connie,Williams,1 Richmond Terrace,Lower Brynamman,Ammanford,B26 2DP,(436)600-6985 x3296,USA - Tmobile,,
Ms,Kennedi,Gough,1 Riefield Road,Rochdale,Lancashire,B26 2LD,(221)974-3211 x520,USA - Tmobile,,
Mr,Dominic,Doyle,1 Robin Close,Stantonbury,Milton Keynes,B27 6JS,1-215-522-6726 x1397,USA - Tmobile,,
Mr,Billie,Stokes,1 Roundhill Close,Wombourne,Wolverhampton,B27 6SF,089.211.8485,USA - Tmobile,,
Ms,Mckenna,Bell,1 Russet Gardens,Slough,,B27 7DB,364-305-2380,USA - Tmobile,,
Ms,Barry,Adamson,1 Salcombe Road,Leeds,,B27 7EB,1-068-180-8274,USA - Tmobile,,
Ms,Reva,Woods,1 Sandringham Drive,Harefield,Uxbridge,B27 7HR,255.247.4359,USA - Tmobile,,
Ms,Micheal,Young,1 Sedgefield Walk,Stockport,Cheshire,B27 7TN,028.315.5057,USA - Tmobile,,
Mrs,Muriel,Jones,1 Seymour Road,Birmingham,,B28 0LU,(065)351-3502,USA - Tmobile,,
Mr,Shyann,Shaw,1 Shaftoe Square,Romford,,B28 0NP,1-254-332-4425,USA - Tmobile,,
Ms,Leatha,Harding,1 Sidmouth Road,London,,B28 0TX,1-377-965-1762 x9394,USA - Tmobile,,
Mr,Lula,Hayer,1 Silver Fir Close,Coventry,,B28 9AJ,(826)904-4232 x901,USA - Tmobile,,
Ms,Danyka,Pearse,1 Simmons Close,Barry Lane,Hardington Mandeville,B29 4DR,1-404-311-4607,USA - Tmobile,,
Mr,Olga,Morrow,1 Simon Evans Close,London,,B29 4QF,1-721-763-3619 x771,USA - Tmobile,,
Mr,Madelynn,Bradshaw,1 St. Andrews Lane,Glossop,Derbyshire,B29 5HA,312.306.5850 x30245,USA - Tmobile,,
Mr,Marta,Moss,1 St. Martins Road,Thelwall,Warrington,B29 5HD,1-027-975-3547 x51426,USA - Tmobile,,
Ms,Lori,Goodland,1 St. Pauls Road,London,,B29 5SN,794-783-4609 x50750,USA - Tmobile,,
Mr,Vidal,Morris,1 Stanley Cottages,Tylorstown,Ferndale,B29 6BP,431.516.1672 x76906,USA - Tmobile,,
Mr,Rosalyn,Johnston,1 Stepping Lane,Dalry,Ayrshire,B29 6NH,947.396.1743 x576,USA - Tmobile,,
Ms,Scot,McLean,1 Stewart Close,Aberdeen,,B30 1LG,632.132.1985 x21190,USA - Tmobile,,
Ms,Furman,Carlyle,1 Stone Cottages,Wolverhampton,,B30 1PL,407-878-6081 x66577,USA - Tmobile,,
Ms,Erna,Day,1 Surrey View,Nelson,Lancashire,B30 1SU,519.610.5127 x1495,USA - Tmobile,,
Mr,Myra,Bond,1 Sycamore Drive,Blacon,Chester,B30 1TB,(070)675-8442 x33072,USA - Tmobile,,
Mr,Casandra,Lawson,1 Sylvan Crescent,Main Street,Weston,B30 2QH,467-597-4994,USA - Tmobile,,
Mrs,Yolanda,Law,1 Talbot Crescent,Dagenham,Essex,B30 2QH,225.071.6480 x969,USA - Tmobile,,
Ms,Ilene,Wallin,1 Tanners Lane,Studley,Warwickshire,B30 2UG,674.024.6370 x84129,USA - Tmobile,,
Mr,Orpha,Tomkins,1 The Ashes,Broomfield,Clayton,B30 2UN,(972)279-3898 x2190,USA - Tmobile,,
Mr,Vincenzo,Bostwick,1 The Cuttings,Thornton Heath,Surrey,B30 2XG,788-464-6407,USA - Tmobile,,
Ms,Gerda,Chilton,1 The Green,Bacup,Lancashire,B30 3AY,1-657-012-9312 x61376,USA - Tmobile,,
Ms,Margarette,Williams,1 The Green,Bradley Stoke,Bristol,B30 3QE,1-183-332-8135,USA - Tmobile,,
Mr,Michaela,Fordham,1 The Lawns,Manchester,,B31 1AL,1-608-229-6494,USA - Tmobile,,
Mr,Glen,Christian,1 The Maltings,Swinton,Manchester,B31 1DX,191.600.1425 x9997,USA - Tmobile,,
Mr,Brycen,Wilson,1 The Martins,Dagenham,Essex,B31 2QA,1-224-332-4203,USA - Tmobile,,
Ms,Jean,Turnbull,1 The Potteries,Saffron Walden,Essex,B31 3PW,(268)255-6596 x011,USA - Tmobile,,
Mr,Maci,Sharp,1 The Spinney,Newcastle Upon Tyne,,B31 3TS,1-342-833-3341,USA - Tmobile,,
Ms,Darby,Panziroli,1 The Tabrums,London,,B31 3UL,158-808-5814,USA - Tmobile,,
Ms,Candace,Cribb,1 The Wad,London,,B31 4NB,1-733-584-2881 x253,USA - Tmobile,,
Ms,Karlee,Clyde,1 Todburn Moor Cottages,Derby,,B31 4QS,940.295.8246,USA - Tmobile,,
Mr,Delphia,Buss,1 Tollwood Park,Windlesham,Surrey,B31 4RA,(251)887-2335 x598,USA - Tmobile,,
Ms,Ted,Sanchez,1 Toriana Place,London,,B31 4SD,294.000.4590,USA - Tmobile,,
Ms,Cassidy,Fountain,1 Trent Close,Horam,Heathfield,B31 5ES,723.692.8056,USA - Tmobile,,
Ms,Aurelio,Wilson,1 Upper Ensign Farm Cottages,Mayfield,Dalkeith,B31 5HN,899.079.4132 x959,USA - Tmobile,,
Ms,Rahsaan,Jones,1 Upway,Marshalswick,St. Albans,B31 5HN,088.310.8911,USA - Tmobile,,
Ms,Lesly,Tucker,1 Vibart Gardens,Flookburgh,Grange-Over-Sands,B31 5HN,615.263.1745 x74805,USA - Tmobile,,
Mr,Ivah,Frost,1 Vickers Close,Ilkeston,Derbyshire,B32 1EY,289-175-2808 x8688,USA - Tmobile,,
Ms,Kelley,Lee,1 Victoria Square,Yarm,Cleveland,B32 1HE,608-134-6657,USA - Tmobile,,
Mr,Jaylen,Bass,1 Waterhead Drive,Daventry,Northamptonshire,B32 1LJ,(211)532-7077 x19924,USA - Tmobile,,
Mr,Tamia,Niven,1 Wembley Gardens,Eccles,Manchester,B32 1SF,(603)774-7529,USA - Tmobile,,
Mrs,George,Reeve,1 Wentworth Drive,Brighton,,B32 2UX,872-236-8749 x97967,USA - Tmobile,,
Mrs,Thalia,Gunter,1 Wessenden Bank,West Hay Road,Udley,B32 3TB,270-203-6803,USA - Tmobile,,
Mr,Mireya,Rabson,1 Westfield,London,,B32 3XB,(351)821-4133 x21657,USA - Tmobile,,
Ms,Ariane,Brammer,1 Whitemoors Road,Walsall,,B32 4JY,1-871-147-1199,USA - Tmobile,,
Mr,Cedrick,Hanson,1 Widewaters Close,Toomebridge,Antrim,B32 4LR,(794)178-6129 x957,USA - Tmobile,,
Mr,Kathlyn,Leeming,1 Wilderness Barns,Elslack,Skipton,B33 0JA,1-534-119-0589 x808,USA - Tmobile,,
Mr,Frankie,McDonald,1 Willow Road,Wetherby,West Yorkshire,B33 8EJ,005-023-4145 x0782,USA - Tmobile,,
Ms,Casper,Beard,1 Windlestone Square,Miskin,Pontyclun,B33 8ER,(088)608-2302 x9744,USA - Tmobile,,
Ms,Trinity,Ali,1 Wood Lane,Northampton,,B33 9DH,(846)750-2299 x8021,USA - Tmobile,,
Mr,Kitty,Smith,1 Woodall House Farm,Blackpool,,B34 6BG,584.928.0113 x5154,USA - Tmobile,,
Mrs,Jamison,Jason,1 Woodgarth Villas,Birmingham,,B34 6DA,132.258.6577 x1657,USA - Tmobile,,
Ms,Adriel,Bull,1 Woodoaks Farm Cottages,Stanley Common,Ilkeston,B34 6EJ,178-255-6603 x9858,USA - Tmobile,,
Mr,Kenyatta,Bains,1 Woodrow Drive,Dartford,,B34 7HN,875.766.0749,USA - Tmobile,,
Mr,Cleo,Ratcliffe,1 Woodstock Road,Garforth,Leeds,B36 0HJ,(994)174-6934 x910,USA - Tmobile,,
Mr,Leta,McIntyre,1 Wreyfield Drive,Elderslie,Johnstone,B36 0LN,934.343.9235 x82173,USA - Tmobile,,
Ms,Kyle,Bloomer,10 Abbotsford Grove,Rowley Regis,West Midlands,B36 8BN,1-977-224-9671,USA - Tmobile,,
Mr,Geraldine,Pincott,10 Acacia Avenue,Tonypandy,Mid Glamorgan,B36 8DB,(085)153-0634,USA - Tmobile,,
Mr,Breana,Cox,10 Albemarle Gardens,Ryton On Dunsmore,Coventry,B36 9EF,398-294-8601 x227,USA - Tmobile,,
Mr,Hillary,Woodfull,10 Albion Drive,Glasgow,,B36 9NP,445-950-6076,USA - Tmobile,,
Mrs,Weldon,Jagpal,10 Ardbeg Road,Bexley,Kent,B37 5AF,928-130-4332,USA - Tmobile,,
Mr,Jeramie,Beesley,10 Arne Close,St. Annes,Lytham St. Annes,B37 5BA,1-790-644-9560 x8886,USA - Tmobile,,
Mr,Chadrick,Wootton,10 Ashley Close,Hornchurch,Essex,B37 5LR,1-177-880-1787,USA - Tmobile,,
Mr,Vada,West,10 Ayr Drive,Kennoway,Leven,B37 6TA,575-643-1719,USA - Tmobile,,
Mr,Summer,Bolt,10 Bakewell Road,Launceston,Cornwall,B37 7AE,(269)123-8825,USA - Tmobile,,
Ms,Luigi,Fearn,10 Bawn Drive,Long Eaton,Nottingham,B37 7FX,1-510-724-0223 x45582,USA - Tmobile,,
Mr,Leonardo,Ahmed,10 Beachcroft Place,London,,B37 7LD,269.822.4613 x50188,USA - Tmobile,,
Mr,Sister,Birchall,10 Blacklands Road,Kearsley,Bolton,B37 7LQ,026-134-6111 x181,USA - Tmobile,,
Mr,Clementina,Shuttleworth,10 Borrowdale Road,Lancing,West Sussex,B37 7LZ,580.280.3629 x6120,USA - Tmobile,,
Ms,Pasquale,Rabone,10 Bosley View,Croydon,,B37 7LZ,425.606.6902,USA - Tmobile,,
Ms,Katrine,Kavanagh,10 Braemar Close,Greenhithe,Kent,B37 7NG,304.945.1073 x354,USA - Tmobile,,
Mr,Pablo,Gill,10 Brandra Street,Sale,Cheshire,B38 8XX,1-936-077-5310 x615,USA - Tmobile,,
Ms,Turner,Burns,10 Brasenose Villas,Belfast,,B38 9PH,(425)203-1243 x46179,USA - Tmobile,,
Ms,Gaston,Svenson,10 Bridge Close,Port Talbot,West Glamorgan,B38 9RZ,1-821-218-6180 x61672,USA - Tmobile,,
Mr,Wade,Turner,10 Brockenhurst Avenue,Cheadle Hulme,Cheadle,B42 1NF,(139)282-1384 x053,USA - Tmobile,,
Ms,Floyd,Tamlin,10 Bromage Avenue,Bristol,,B42 1NG,488.079.2661,USA - Tmobile,,
Mr,Carlie,Hook,10 Brookside Gardens,Otley,West Yorkshire,B42 2EJ,007.827.6966,USA - Tmobile,,
Mr,Mohamed,Butt,10 Bryn Golau,Manchester,,B43 5HA,1-742-532-4297 x4479,USA - Tmobile,,
Mrs,Patrick,Malek,10 Bunting Close,West Bromwich,West Midlands,B43 5HH,1-845-547-0533 x0763,USA - Tmobile,,
Mr,Chesley,Sharma,10 Burdale Drive,Cambridge,,B43 5HN,257.907.7903,USA - Tmobile,,
Mr,Abdiel,Chadwick,10 Burgess Hall Drive,London,,B43 5JU,204.418.1871 x842,USA - Tmobile,,
Ms,Dedric,Blackham,10 Bye Mead,Haxey,Doncaster,B43 6HR,(699)363-9199 x30701,USA - Tmobile,,
Mr,Kathryn,Crompton,10 Caldera Road,Charlton,Pershore,B43 7EJ,959.565.3602,USA - Tmobile,,
Ms,Alyson,Reed,10 Callard Close,Worrall,Sheffield,B43 7LJ,1-379-874-9705,USA - Tmobile,,
Ms,Madge,Tibby,10 Carlton Road,London,,B43 7PS,538.525.3805 x770,USA - Tmobile,,
Ms,Thalia,Florence,10 Carriden View,Allerton,Bradford,B43 7QQ,624-969-8414,USA - Tmobile,,
Mrs,Jaiden,Leonard,10 Cartersmead Close,London,,B43 7QY,756.551.0488,USA - Tmobile,,
Ms,Shanie,McVeigh,10 Case Grove,Upminster,Essex,B43 7SB,761-469-5137 x822,USA - Tmobile,,
Mrs,Ayla,Walker,10 Cefn Llwyn,Stoke-On-Trent,,B43 7US,834-524-1604 x54307,USA - Tmobile,,
Mr,Raquel,Rice,10 Champernowne Crescent,Worcester,,B44 0JG,130-661-0612,USA - Tmobile,,
Mr,Horace,Turner,10 Charles Street,Nottingham,,B44 8HB,(530)024-7423 x861,USA - Tmobile,,
Ms,Brittany,Parker,10 Childsbridge Lane,Mossley,Ashton-Under-Lyne,B44 8HG,948-456-0548,USA - Tmobile,,
Mr,Hester,Freeman,10 Chisnall Road,Aberdulais,Neath,B44 8RT,(323)647-4259,USA - Tmobile,,
Mrs,Mariano,Potter,10 Coed Gelli Parc,Hayes,Middlesex,B44 8SR,042.994.4838 x341,USA - Tmobile,,
Mrs,Milo,Thornton,10 Coedcae Walk,Clayton,Bradford,B44 8TX,(777)422-9521,USA - Tmobile,,
Mr,Gudrun,Darler,10 Coopers Row,Chapeltown,Sheffield,B44 9AH,1-070-505-8262 x7481,USA - Tmobile,,
Ms,Carson,Young,10 Coronation Crescent,Lostock Hall,Preston,B44 9NH,(487)788-4141,USA - Tmobile,,
Ms,Arielle,Kennah,10 Cranfield Place,Great Sutton,Ellesmere Port,B44 9UQ,(654)922-3906 x61455,USA - Tmobile,,
Mr,Gerardo,Gamon,10 Crooks Barn Lane,Southampton,,B45 0BQ,1-811-139-1153 x8416,USA - Tmobile,,
Mr,Mario,Rowles,10 Culbane Road,Old Penygarn,Pontypool,B45 8ET,724-619-7570 x789,USA - Tmobile,,
Ms,Frederic,Shields,10 Davenant Road,Cramlington,Northumberland,B45 8PQ,(520)124-4075 x8281,USA - Tmobile,,
Mrs,Clarabelle,Dobell,10 Denbigh Road,Easington Colliery,Peterlee,B45 8QE,246-448-8661 x4989,USA - Tmobile,,
Ms,Aida,Coombes,10 Dorothy Terrace,London,,B45 9JG,(097)749-3256 x077,USA - Tmobile,,
Mr,Russell,Kennedy,10 Dowdeswell Close,Stockton-On-Tees,Cleveland,B45 9QA,1-061-259-8971,USA - Tmobile,,
Mrs,Narciso,McCarthy,10 Eastview Avenue,Crowborough,East Sussex,B45 9SP,313-118-6306,USA - Tmobile,,
Mr,Myah,Humphreys,10 Elmleigh Road,Birkenshaw,Bradford,B46 1EU,454.347.7615 x26642,USA - Tmobile,,
Mr,German,Barnett,10 Estcots Drive,Stoke-On-Trent,,B46 1HW,(120)081-9230 x748,USA - Tmobile,,
Ms,Tina,Filtness,10 Farm Close,Clevedon,Avon,B46 1NG,(110)503-7552 x5621,USA - Tmobile,,
Ms,Nella,Herr,10 Faversham Road,Nottingham,,B46 1RU,388-307-7198 x37583,USA - Tmobile,,
Mr,Miller,Devereux,10 Field Road,Stevenage,Hertfordshire,B46 2EX,413-320-6368 x33613,USA - Tmobile,,
Ms,Otha,Watson,10 Filey Close,Inverness,,B46 3EU,211-557-6563,USA - Tmobile,,
Ms,Alfred,Champ,10 Friars Gardens,Portsmouth,,B47 5DP,1-716-212-6249,USA - Tmobile,,
Mr,Sandra,Wightman,10 Furness,Leicester,,B47 5LS,150-517-0697,USA - Tmobile,,
Mr,Ubaldo,Clarke,10 Gifford Crescent,Castle Donington,Derby,B47 5PU,658-579-2987 x776,USA - Tmobile,,
Mr,Zita,Farnsworth,10 Golf Terrace,Wickford,Essex,B47 5QS,1-062-856-1610 x97508,USA - Tmobile,,
Mrs,Lue,Withers,10 Golwg-Y-Mynydd,Foundry View,Aberdare,B47 6ET,045-412-4485,USA - Tmobile,,
Mr,Verona,Lockwood,10 Gorse Close,Quorn,Loughborough,B48 7LX,1-595-316-6569,USA - Tmobile,,
Ms,Nickolas,Kidd,10 Guildford Close,Lytham St. Annes,Lancashire,B50 4AR,564.289.8304 x36274,USA - Tmobile,,
Mrs,Reece,McGuire,10 Gurney Court,Dalgety Bay,Dunfermline,B50 4QE,(800)621-7531,USA - Tmobile,,
Ms,Marlin,Laverick,10 Hallows Close,Chesterfield,Derbyshire,B6 7BT,1-865-571-7192,USA - Tmobile,,
Mrs,Dannie,Thompson,10 Handel Road,Stourbridge,West Midlands,B60 1BB,(026)643-9959,USA - Tmobile,,
Ms,Jennie,McKenzie,10 Harbern Close,West Bridgford,Nottingham,B60 1BP,1-655-531-7277,USA - Tmobile,,
Mrs,Elyse,Khurana,10 Harps Avenue,London,,B60 1HL,323-736-3921,USA - Tmobile,,
Ms,Stacy,Jones,10 Haywood Park,Wrexham,Clwyd,B60 1JP,912-947-0185,USA - Tmobile,,
Mrs,Ashtyn,Money,10 Heathfield Gardens,Chilton,Ferryhill,B60 2HT,466-305-6572 x73988,USA - Tmobile,,